"system","ukrain","target","economi","brexit","climat","liquid","product","fund","rate","payment","regul","cbdc","risk","data","develop","price","effect","insur","household","chang","market","percent","need","consum","loan","model","asset","basel","monetary_policy_","firm","trade","compani","covid","invest","euro","inflat","polici","global","growth"
"energi","covid","brexit","need","compani","growth","loan","payment","regul","percent","system","household","develop","basel","model","monetary_policy_","euro","polici","global","effect","economi","data","trade","product","liquid","consum","fund","asset","chang","insur","rate","cbdc","inflat","market","invest","price","firm","climat","risk","target"
"ukrain","support","eu","not","bank","per_cent_","bank","us","bank","increas","bank","incom","countri","ii","us","not","area","econom","countri","will","will","us","import","servic","collater","inform","bank","purchas","not","solvenc","bank","digit","expect","not","increas","increas","will","relat","manag","bank"
"pandem","financ","will","bank","hold","gdp","lend","digit","regulatori","will","financial_system_","spend","continu","bank","forecast","central_banks_","will","support","world","increas","emerg","statist","export","innov","oper","disclosur","financ","bank","will","ii","increas","stablecoin","forecast","market_participants_","save","rise","continu","green","bank","achiev"
"war","pandem","uk","will","act","year","borrow","bank","not","declin","not","wealth","increas","will","estim","central_bank_","countri","govern","u","not","demand","inform","u","increas","bank","consumer_protection_","lend","not","on","pra","will","issu","year","financial_markets_","per_cent_","demand","increas","transit","assess","will"
"increas","digit","chart","can","not","not","credit","will","supervis","continu","will","debt","also","propos","on","object","not","well","domest","can","not","report","currenc","technologi","central_banks_","protect","provid","mai","new","policyhold","expect","currenc","not","secur","financ","wage","profit","disclosur","exposur","set"
"per_cent_","will","see","also","corpor","increas","mortgag","transact","rule","outlook","on","save","financ","implement","complex","price_stability_","also","strengthen","emerg","bank","u","collect","exchang","productivity_growth_","reserv","mai","deposit","portfolio","time","hold","chart","central_bank_","inflation_expectations_","investor","account","like","chart","carbon","can","framework"
"will","continu","expect","make","pai","remain","lender","innov","requir","year","complex","hous","strengthen","approach","base","can","europ","stabil","intern","affect","like","survei","account","industri","provid","mortgag","financial_institutions_","bubbl","year","protect","year","cash","demand","emerg","corpor","expect","wage","central_banks_","credit","flexibl"
"impact","strengthen","mpc","on","sharehold","also","also","servic","activ","like","financial_stability_","increas","improv","requir","differ","financial_stability_","govern","also","imf","mai","continu","can","dollar","sector","central_bank_","propos","increas","valu","like","state","reserv","dollar","output","bond","current","chart","capit","scenario","measur","adopt"
"european","sourc","no","provid","on","demand","financ","settlement","also","expect","import","chart","will","capit","not","conduct","first","nation","advanc","also","econom","avail","mai","worker","crisi","credit_card_","corpor","secur","make","not","yield","design","low","repo","busi","cpi","expect","sustain","not","price_stability_"
"shock","acceler","referendum","work","activ","period","hous","cash","issu","achiev","network","consumpt","support","supervisor","can","howev","stabil","central_bank_","em","result","advanc","analysi","world","improv","secur","fee","dollar","hold","can","deposit","lend","us","run","function","sector","outlook","includ","emiss","take","central_bank_"
